Replicate Group,Array number,CEL name,Genotype,Wild type or Knock out,Carbon Source (M9 minimal media),Nitrogen Source,Terminal Electro Acceptor,Aerobic/Anaerobic,Growth Temperature,Evolved (1) or not (0),# of days grown at mid-log phase,Evolutionary End point (1) or not (0),Researcher ID,Studies Used In,PMID
1,1,ec_galctnL_wild_a.CEL,MG1655(WT),WT,L-galactonate,NH4,Oxygen,Aerobic,37,0,1,0,4,used for Reed et al. PNAS (2006),17088549
1,2,ec_galctnL_wild_b.CEL,MG1655(WT),WT,L-galactonate,NH4,Oxygen,Aerobic,37,0,1,0,4,used for Reed et al. PNAS (2006),17088549
1,3,ec_galctnL_wild_c.CEL,MG1655(WT),WT,L-galactonate,NH4,Oxygen,Aerobic,37,0,1,0,4,used for Reed et al. PNAS (2006),17088549
2,4,ec_galctnD_wild_b.CEL,MG1655(WT),WT,D-galactonate,NH4,Oxygen,Aerobic,37,0,1,0,4,used for Reed et al. PNAS (2006),17088549
2,5,ec_galctnD_wild_c.CEL,MG1655(WT),WT,D-galactonate,NH4,Oxygen,Aerobic,37,0,1,0,4,used for Reed et al. PNAS (2006),17088549
3,6,ec_aer_appY_nO_a.CEL,?appY,KO,glucose,NH4,Anaerobic,Anaerobic,37,0,1,0,1,Covert et al. Nature (2004),15129285
3,7,ec_aer_appY_nO_b.CEL,?appY,KO,glucose,NH4,Anaerobic,Anaerobic,37,0,1,0,1,Covert et al. Nature (2004),15129285
3,8,ec_aer_appY_nO_c.CEL,?appY,KO,glucose,NH4,Anaerobic,Anaerobic,37,0,1,0,1,Covert et al. Nature (2004),15129285
4,9,ec_aer_appY_O_a.CEL,?appY,KO,glucose,NH4,Oxygen,Aerobic,37,0,1,0,1,Covert et al. Nature (2004),15129285
4,10,ec_aer_appY_O_b.CEL,?appY,KO,glucose,NH4,Oxygen,Aerobic,37,0,1,0,1,Covert et al. Nature (2004),15129285
4,11,ec_aer_appY_O_c.CEL,?appY,KO,glucose,NH4,Oxygen,Aerobic,37,0,1,0,1,Covert et al. Nature (2004),15129285
5,12,ec_aer_arcA_nO_a.CEL,?arcA,KO,glucose,NH4,Anaerobic,Anaerobic,37,0,1,0,1,Covert et al. Nature (2004),15129285
5,13,ec_aer_arcA_nO_b.CEL,?arcA,KO,glucose,NH4,Anaerobic,Anaerobic,37,0,1,0,1,Covert et al. Nature (2004),15129285
5,14,ec_aer_arcA_nO_c.CEL,?arcA,KO,glucose,NH4,Anaerobic,Anaerobic,37,0,1,0,1,Covert et al. Nature (2004),15129285
6,15,ec_aer_arcA_O_a.CEL,?arcA,KO,glucose,NH4,Oxygen,Aerobic,37,0,1,0,1,Covert et al. Nature (2004),15129285
6,16,ec_aer_arcA_O_b.CEL,?arcA,KO,glucose,NH4,Oxygen,Aerobic,37,0,1,0,1,Covert et al. Nature (2004),15129285
6,17,ec_aer_arcA_O_c.CEL,?arcA,KO,glucose,NH4,Oxygen,Aerobic,37,0,1,0,1,Covert et al. Nature (2004),15129285
7,18,ec_aer_arcAfnr_nO_a.CEL,?arcA ?fnr,KO,glucose,NH4,Anaerobic,Anaerobic,37,0,1,0,1,Covert et al. Nature (2004),15129285
7,19,ec_aer_arcAfnr_nO_b.CEL,?arcA ?fnr,KO,glucose,NH4,Anaerobic,Anaerobic,37,0,1,0,1,Covert et al. Nature (2004),15129285
7,20,ec_aer_arcAfnr_nO_c.CEL,?arcA ?fnr,KO,glucose,NH4,Anaerobic,Anaerobic,37,0,1,0,1,Covert et al. Nature (2004),15129285
8,21,ec_aer_arcAfnr_O_a.CEL,?arcA ?fnr,KO,glucose,NH4,Oxygen,Aerobic,37,0,1,0,1,Covert et al. Nature (2004),15129285
8,22,ec_aer_arcAfnr_O_b.CEL,?arcA ?fnr,KO,glucose,NH4,Oxygen,Aerobic,37,0,1,0,1,Covert et al. Nature (2004),15129285
8,23,ec_aer_arcAfnr_O_c.CEL,?arcA ?fnr,KO,glucose,NH4,Oxygen,Aerobic,37,0,1,0,1,Covert et al. Nature (2004),15129285
9,24,ec_aer_fnr_nO_a.CEL,?fnr,KO,glucose,NH4,Anaerobic,Anaerobic,37,0,1,0,1,Covert et al. Nature (2004),15129285
9,25,ec_aer_fnr_nO_b.CEL,?fnr,KO,glucose,NH4,Anaerobic,Anaerobic,37,0,1,0,1,Covert et al. Nature (2004),15129285
9,26,ec_aer_fnr_nO_c.CEL,?fnr,KO,glucose,NH4,Anaerobic,Anaerobic,37,0,1,0,1,Covert et al. Nature (2004),15129285
10,27,ec_aer_fnr_O_a.CEL,?fnr,KO,glucose,NH4,Oxygen,Aerobic,37,0,1,0,1,Covert et al. Nature (2004),15129285
10,28,ec_aer_fnr_O_b.CEL,?fnr,KO,glucose,NH4,Oxygen,Aerobic,37,0,1,0,1,Covert et al. Nature (2004),15129285
10,29,ec_aer_fnr_O_c.CEL,?fnr,KO,glucose,NH4,Oxygen,Aerobic,37,0,1,0,1,Covert et al. Nature (2004),15129285
11,30,ec_aer_oxyR_nO_a.CEL,?oxyR,KO,glucose,NH4,Anaerobic,Anaerobic,37,0,1,0,1,Covert et al. Nature (2004),15129285
11,31,ec_aer_oxyR_nO_b.CEL,?oxyR,KO,glucose,NH4,Anaerobic,Anaerobic,37,0,1,0,1,Covert et al. Nature (2004),15129285
11,32,ec_aer_oxyR_nO_c.CEL,?oxyR,KO,glucose,NH4,Anaerobic,Anaerobic,37,0,1,0,1,Covert et al. Nature (2004),15129285
12,33,ec_aer_oxyR_O_a.CEL,?oxyR,KO,glucose,NH4,Oxygen,Aerobic,37,0,1,0,1,Covert et al. Nature (2004),15129285
12,34,ec_aer_oxyR_O_b.CEL,?oxyR,KO,glucose,NH4,Oxygen,Aerobic,37,0,1,0,1,Covert et al. Nature (2004),15129285
12,35,ec_aer_oxyR_O_c.CEL,?oxyR,KO,glucose,NH4,Oxygen,Aerobic,37,0,1,0,1,Covert et al. Nature (2004),15129285
13,36,ec_aer_soxS_nO_a.CEL,?soxS,KO,glucose,NH4,Anaerobic,Anaerobic,37,0,1,0,1,Covert et al. Nature (2004),15129285
13,37,ec_aer_soxS_nO_b.CEL,?soxS,KO,glucose,NH4,Anaerobic,Anaerobic,37,0,1,0,1,Covert et al. Nature (2004),15129285
13,38,ec_aer_soxS_nO_c.CEL,?soxS,KO,glucose,NH4,Anaerobic,Anaerobic,37,0,1,0,1,Covert et al. Nature (2004),15129285
14,39,ec_aer_soxS_O_a.CEL,?soxS,KO,glucose,NH4,Oxygen,Aerobic,37,0,1,0,1,Covert et al. Nature (2004),15129285
14,40,ec_aer_soxS_O_b.CEL,?soxS,KO,glucose,NH4,Oxygen,Aerobic,37,0,1,0,1,Covert et al. Nature (2004),15129285
14,41,ec_aer_soxS_O_c.CEL,?soxS,KO,glucose,NH4,Oxygen,Aerobic,37,0,1,0,1,Covert et al. Nature (2004),15129285
15,42,ec_aer_wild_nO_a_SciA.CEL,MG1655(WT),WT,glucose,NH4,Anaerobic,Anaerobic,37,0,1,0,1,Covert et al. Nature (2004),15129285
15,43,ec_aer_wild_nO_b_SciA.CEL,MG1655(WT),WT,glucose,NH4,Anaerobic,Anaerobic,37,0,1,0,1,Covert et al. Nature (2004),15129285
15,44,ec_aer_wild_nO_c_SciA.CEL,MG1655(WT),WT,glucose,NH4,Anaerobic,Anaerobic,37,0,1,0,1,Covert et al. Nature (2004),15129285
15,45,ec_aer_wild_nO_d_SciA.CEL,MG1655(WT),WT,glucose,NH4,Anaerobic,Anaerobic,37,0,1,0,1,Covert et al. Nature (2004),15129285
16,46,ec_aer_wild_O_a_SciA.CEL,MG1655(WT),WT,glucose,NH4,Oxygen,Aerobic,37,0,1,0,1,"Covert et al. Nature (2004), Fong et al. J Biol Chem (2006), used for Reed et al. PNAS (2006)","15129285, 16319065, 17088549"
16,47,ec_aer_wild_O_b_SciA.CEL,MG1655(WT),WT,glucose,NH4,Oxygen,Aerobic,37,0,1,0,1,"Covert et al. Nature (2004), Fong et al. J Biol Chem (2006), used for Reed et al. PNAS (2006)","15129285, 16319065, 17088549"
16,48,ec_aer_wild_O_c_SciA.CEL,MG1655(WT),WT,glucose,NH4,Oxygen,Aerobic,37,0,1,0,1,"Covert et al. Nature (2004), Fong et al. J Biol Chem (2006), used for Reed et al. PNAS (2006)","15129285, 16319065, 17088549"
17,49,ec_lac_L2_20_a.CEL,MG1655(WT),WT,lactate,NH4,Oxygen,Aerobic,30,1,20,0,3,Fong et al. Genome Res (2005),16204189
17,50,ec_lac_L2_20_b.CEL,MG1655(WT),WT,lactate,NH4,Oxygen,Aerobic,30,1,20,0,3,Fong et al. Genome Res (2005),16204189
17,51,ec_lac_L2_20_c.CEL,MG1655(WT),WT,lactate,NH4,Oxygen,Aerobic,30,1,20,0,3,Fong et al. Genome Res (2005),16204189
18,52,ec_lac_L2_60_a.CEL,MG1655(WT),WT,lactate,NH4,Oxygen,Aerobic,30,1,60,1,3,Fong et al. Genome Res (2005),16204189
18,53,ec_lac_L2_60_b.CEL,MG1655(WT),WT,lactate,NH4,Oxygen,Aerobic,30,1,60,1,3,Fong et al. Genome Res (2005),16204189
18,54,ec_lac_L2_60_c.CEL,MG1655(WT),WT,lactate,NH4,Oxygen,Aerobic,30,1,60,1,3,Fong et al. Genome Res (2005),16204189
19,55,ec_lac_L3_20_a.CEL,MG1655(WT),WT,lactate,NH4,Oxygen,Aerobic,30,1,20,0,3,Fong et al. Genome Res (2005),16204189
19,56,ec_lac_L3_20_b.CEL,MG1655(WT),WT,lactate,NH4,Oxygen,Aerobic,30,1,20,0,3,Fong et al. Genome Res (2005),16204189
19,57,ec_lac_L3_20_c.CEL,MG1655(WT),WT,lactate,NH4,Oxygen,Aerobic,30,1,20,0,3,Fong et al. Genome Res (2005),16204189
20,58,ec_lac_L3_60_a.CEL,MG1655(WT),WT,lactate,NH4,Oxygen,Aerobic,30,1,60,1,3,Fong et al. Genome Res (2005),16204189
20,59,ec_lac_L3_60_b.CEL,MG1655(WT),WT,lactate,NH4,Oxygen,Aerobic,30,1,60,1,3,Fong et al. Genome Res (2005),16204189
20,60,ec_lac_L3_60_c.CEL,MG1655(WT),WT,lactate,NH4,Oxygen,Aerobic,30,1,60,1,3,Fong et al. Genome Res (2005),16204189
21,61,ec_lac_LA_20_a.CEL,MG1655(WT),WT,lactate,NH4,Oxygen,Aerobic,30,1,20,0,3,Fong et al. Genome Res (2005),16204189
21,62,ec_lac_LA_20_b.CEL,MG1655(WT),WT,lactate,NH4,Oxygen,Aerobic,30,1,20,0,3,Fong et al. Genome Res (2005),16204189
21,63,ec_lac_LA_20_c.CEL,MG1655(WT),WT,lactate,NH4,Oxygen,Aerobic,30,1,20,0,3,Fong et al. Genome Res (2005),16204189
22,64,ec_lac_LA_60_a.CEL,MG1655(WT),WT,lactate,NH4,Oxygen,Aerobic,30,1,60,1,3,Fong et al. Genome Res (2005),16204189
22,65,ec_lac_LA_60_b.CEL,MG1655(WT),WT,lactate,NH4,Oxygen,Aerobic,30,1,60,1,3,Fong et al. Genome Res (2005),16204189
22,66,ec_lac_LA_60_c.CEL,MG1655(WT),WT,lactate,NH4,Oxygen,Aerobic,30,1,60,1,3,Fong et al. Genome Res (2005),16204189
22,67,ec_lac_LA_60_d.CEL,MG1655(WT),WT,lactate,NH4,Oxygen,Aerobic,30,1,60,1,3,Fong et al. Genome Res (2005),16204189
23,68,ec_lac_LB_20_a.CEL,MG1655(WT),WT,lactate,NH4,Oxygen,Aerobic,30,1,20,0,3,Fong et al. Genome Res (2005),16204189
23,69,ec_lac_LB_20_b.CEL,MG1655(WT),WT,lactate,NH4,Oxygen,Aerobic,30,1,20,0,3,Fong et al. Genome Res (2005),16204189
23,70,ec_lac_LB_20_c.CEL,MG1655(WT),WT,lactate,NH4,Oxygen,Aerobic,30,1,20,0,3,Fong et al. Genome Res (2005),16204189
24,71,ec_lac_LB_60_a.CEL,MG1655(WT),WT,lactate,NH4,Oxygen,Aerobic,30,1,60,1,3,Fong et al. Genome Res (2005),16204189
24,72,ec_lac_LB_60_b.CEL,MG1655(WT),WT,lactate,NH4,Oxygen,Aerobic,30,1,60,1,3,Fong et al. Genome Res (2005),16204189
24,73,ec_lac_LB_60_c.CEL,MG1655(WT),WT,lactate,NH4,Oxygen,Aerobic,30,1,60,1,3,Fong et al. Genome Res (2005),16204189
25,74,ec_lac_LC_20_a.CEL,MG1655(WT),WT,lactate,NH4,Oxygen,Aerobic,30,1,20,0,3,Fong et al. Genome Res (2005),16204189
25,75,ec_lac_LC_20_b.CEL,MG1655(WT),WT,lactate,NH4,Oxygen,Aerobic,30,1,20,0,3,Fong et al. Genome Res (2005),16204189
25,76,ec_lac_LC_20_c.CEL,MG1655(WT),WT,lactate,NH4,Oxygen,Aerobic,30,1,20,0,3,Fong et al. Genome Res (2005),16204189
26,77,ec_lac_LC_60_a.CEL,MG1655(WT),WT,lactate,NH4,Oxygen,Aerobic,30,1,60,1,3,Fong et al. Genome Res (2005),16204189
26,78,ec_lac_LC_60_b.CEL,MG1655(WT),WT,lactate,NH4,Oxygen,Aerobic,30,1,60,1,3,Fong et al. Genome Res (2005),16204189
26,79,ec_lac_LC_60_c.CEL,MG1655(WT),WT,lactate,NH4,Oxygen,Aerobic,30,1,60,1,3,Fong et al. Genome Res (2005),16204189
27,80,ec_lac_LD_20_a.CEL,MG1655(WT),WT,lactate,NH4,Oxygen,Aerobic,30,1,20,0,3,Fong et al. Genome Res (2005),16204189
27,81,ec_lac_LD_20_b.CEL,MG1655(WT),WT,lactate,NH4,Oxygen,Aerobic,30,1,20,0,3,Fong et al. Genome Res (2005),16204189
27,82,ec_lac_LD_20_c.CEL,MG1655(WT),WT,lactate,NH4,Oxygen,Aerobic,30,1,20,0,3,Fong et al. Genome Res (2005),16204189
28,83,ec_lac_LD_60_a.CEL,MG1655(WT),WT,lactate,NH4,Oxygen,Aerobic,30,1,60,1,3,Fong et al. Genome Res (2005),16204189
28,84,ec_lac_LD_60_b.CEL,MG1655(WT),WT,lactate,NH4,Oxygen,Aerobic,30,1,60,1,3,Fong et al. Genome Res (2005),16204189
28,85,ec_lac_LD_60_c.CEL,MG1655(WT),WT,lactate,NH4,Oxygen,Aerobic,30,1,60,1,3,Fong et al. Genome Res (2005),16204189
29,86,ec_lac_LE_20_a.CEL,MG1655(WT),WT,lactate,NH4,Oxygen,Aerobic,30,1,20,0,3,Fong et al. Genome Res (2005),16204189
29,87,ec_lac_LE_20_b.CEL,MG1655(WT),WT,lactate,NH4,Oxygen,Aerobic,30,1,20,0,3,Fong et al. Genome Res (2005),16204189
29,88,ec_lac_LE_20_c.CEL,MG1655(WT),WT,lactate,NH4,Oxygen,Aerobic,30,1,20,0,3,Fong et al. Genome Res (2005),16204189
30,89,ec_lac_LE_60_a.CEL,MG1655(WT),WT,lactate,NH4,Oxygen,Aerobic,30,1,60,1,3,Fong et al. Genome Res (2005),16204189
30,90,ec_lac_LE_60_b.CEL,MG1655(WT),WT,lactate,NH4,Oxygen,Aerobic,30,1,60,1,3,Fong et al. Genome Res (2005),16204189
30,91,ec_lac_LE_60_c.CEL,MG1655(WT),WT,lactate,NH4,Oxygen,Aerobic,30,1,60,1,3,Fong et al. Genome Res (2005),16204189
31,92,ec_lac_wild_a.CEL,MG1655(WT),WT,lactate,NH4,Oxygen,Aerobic,30,0,1,0,3,"Fong et al. Genome Res (2005), used for Reed et al. PNAS (2006)","16204189, 17088549"
31,93,ec_lac_wild_b.CEL,MG1655(WT),WT,lactate,NH4,Oxygen,Aerobic,30,0,1,0,3,"Fong et al. Genome Res (2005), used for Reed et al. PNAS (2006)","16204189, 17088549"
31,94,ec_lac_wild_c.CEL,MG1655(WT),WT,lactate,NH4,Oxygen,Aerobic,30,0,1,0,3,"Fong et al. Genome Res (2005), used for Reed et al. PNAS (2006)","16204189, 17088549"
31,95,ec_lac_wild_d.CEL,MG1655(WT),WT,lactate,NH4,Oxygen,Aerobic,30,0,1,0,3,"Fong et al. Genome Res (2005), used for Reed et al. PNAS (2006)","16204189, 17088549"
31,96,ec_lac_wild_e.CEL,MG1655(WT),WT,lactate,NH4,Oxygen,Aerobic,30,0,1,0,3,"Fong et al. Genome Res (2005), used for Reed et al. PNAS (2006)","16204189, 17088549"
31,97,ec_lac_wild_f.CEL,MG1655(WT),WT,lactate,NH4,Oxygen,Aerobic,30,0,1,0,3,"Fong et al. Genome Res (2005), used for Reed et al. PNAS (2006)","16204189, 17088549"
32,98,ec_narL_NO3_a.CEL,?narL,KO,glucose,Nitrate,Nitrate,Anaerobic/Nitrate,37,0,1,0,2,,
32,99,ec_narL_NO3_b.CEL,?narL,KO,glucose,Nitrate,Nitrate,Anaerobic/Nitrate,37,0,1,0,2,,
32,100,ec_narL_NO3_c.CEL,?narL,KO,glucose,Nitrate,Nitrate,Anaerobic/Nitrate,37,0,1,0,2,,
33,101,ec_narL_nO_a.CEL,?narL,KO,glucose,NH4,Anaerobic,Anaerobic,37,0,1,0,2,,
33,102,ec_narL_nO_b.CEL,?narL,KO,glucose,NH4,Anaerobic,Anaerobic,37,0,1,0,2,,
33,103,ec_narL_nO_c.CEL,?narL,KO,glucose,NH4,Anaerobic,Anaerobic,37,0,1,0,2,,
34,104,ec_narLP_NO3_a.CEL,?narL/?narP,KO,glucose,Nitrate,Nitrate,Anaerobic/Nitrate,37,0,1,0,2,,
34,105,ec_narLP_NO3_b.CEL,?narL/?narP,KO,glucose,Nitrate,Nitrate,Anaerobic/Nitrate,37,0,1,0,2,,
34,106,ec_narLP_NO3_c.CEL,?narL/?narP,KO,glucose,Nitrate,Nitrate,Anaerobic/Nitrate,37,0,1,0,2,,
35,107,ec_narLP_nO_a.CEL,?narL/?narP,KO,glucose,NH4,Anaerobic,Anaerobic,37,0,1,0,2,,
35,108,ec_narLP_nO_b.CEL,?narL/?narP,KO,glucose,NH4,Anaerobic,Anaerobic,37,0,1,0,2,,
35,109,ec_narLP_nO_c.CEL,?narL/?narP,KO,glucose,NH4,Anaerobic,Anaerobic,37,0,1,0,2,,
36,110,ec_narP_NO3_a.CEL,?narP,KO,glucose,Nitrate,Nitrate,Anaerobic/Nitrate,37,0,1,0,2,,
36,111,ec_narP_NO3_b1.CEL,?narP,KO,glucose,Nitrate,Nitrate,Anaerobic/Nitrate,37,0,1,0,2,,
36,112,ec_narP_NO3_b2.CEL,?narP,KO,glucose,Nitrate,Nitrate,Anaerobic/Nitrate,37,0,1,0,2,,
37,113,ec_narP_nO_a.CEL,?narP,KO,glucose,NH4,Anaerobic,Anaerobic,37,0,1,0,2,,
37,114,ec_narP_nO_b.CEL,?narP,KO,glucose,NH4,Anaerobic,Anaerobic,37,0,1,0,2,,
37,115,ec_narP_nO_c.CEL,?narP,KO,glucose,NH4,Anaerobic,Anaerobic,37,0,1,0,2,,
38,116,ec_wt_NO3_a.CEL,MG1655(WT),WT,glucose,Nitrate,Nitrate,Anaerobic/Nitrate,37,0,1,0,2,,
38,117,ec_wt_NO3_b.CEL,MG1655(WT),WT,glucose,Nitrate,Nitrate,Anaerobic/Nitrate,37,0,1,0,2,,
38,118,ec_wt_NO3_c.CEL,MG1655(WT),WT,glucose,Nitrate,Nitrate,Anaerobic/Nitrate,37,0,1,0,2,,
39,119,ec_wt_nO_a_SciB1.CEL,MG1655(WT),WT,glucose,NH4,Anaerobic,Anaerobic,37,0,1,0,2,,
70,120,ec_wt_nO_a_SciB2.CEL,MG1655(WT),WT,glucose,NH4,Anaerobic,Anaerobic,37,0,1,0,2,,
39,121,ec_wt_nO_b_SciB1.CEL,MG1655(WT),WT,glucose,NH4,Anaerobic,Anaerobic,37,0,1,0,2,,
70,122,ec_wt_nO_b_SciB2.CEL,MG1655(WT),WT,glucose,NH4,Anaerobic,Anaerobic,37,0,1,0,2,,
39,123,ec_wt_nO_c_SciB1.CEL,MG1655(WT),WT,glucose,NH4,Anaerobic,Anaerobic,37,0,1,0,2,,
70,124,ec_wt_nO_c_SciB2.CEL,MG1655(WT),WT,glucose,NH4,Anaerobic,Anaerobic,37,0,1,0,2,,
40,125,ec_wt_O2_a_SciB.CEL,MG1655(WT),WT,glucose,NH4,Oxygen,Aerobic,37,0,1,0,2,,
40,126,ec_wt_O2_b_SciB.CEL,MG1655(WT),WT,glucose,NH4,Oxygen,Aerobic,37,0,1,0,2,,
40,127,ec_wt_O2_c_SciB.CEL,MG1655(WT),WT,glucose,NH4,Oxygen,Aerobic,37,0,1,0,2,,
41,128,ec_gly_GA_20_a.CEL,MG1655(WT),WT,glycerol,NH4,Oxygen,Aerobic,30,1,20,0,3,Fong et al. Genome Res (2005),16204189
41,129,ec_gly_GA_20_b.CEL,MG1655(WT),WT,glycerol,NH4,Oxygen,Aerobic,30,1,20,0,3,Fong et al. Genome Res (2005),16204189
41,130,ec_gly_GA_20_c.CEL,MG1655(WT),WT,glycerol,NH4,Oxygen,Aerobic,30,1,20,0,3,Fong et al. Genome Res (2005),16204189
42,131,ec_gly_GA_44_a.CEL,MG1655(WT),WT,glycerol,NH4,Oxygen,Aerobic,30,1,44,1,3,Fong et al. Genome Res (2005),16204189
42,132,ec_gly_GA_44_b.CEL,MG1655(WT),WT,glycerol,NH4,Oxygen,Aerobic,30,1,44,1,3,Fong et al. Genome Res (2005),16204189
42,133,ec_gly_GA_44_c.CEL,MG1655(WT),WT,glycerol,NH4,Oxygen,Aerobic,30,1,44,1,3,Fong et al. Genome Res (2005),16204189
43,134,ec_gly_GB_20_a.CEL,MG1655(WT),WT,glycerol,NH4,Oxygen,Aerobic,30,1,20,0,3,Fong et al. Genome Res (2005),16204189
43,135,ec_gly_GB_20_b.CEL,MG1655(WT),WT,glycerol,NH4,Oxygen,Aerobic,30,1,20,0,3,Fong et al. Genome Res (2005),16204189
43,136,ec_gly_GB_20_c.CEL,MG1655(WT),WT,glycerol,NH4,Oxygen,Aerobic,30,1,20,0,3,Fong et al. Genome Res (2005),16204189
44,137,ec_gly_GB_44_a.CEL,MG1655(WT),WT,glycerol,NH4,Oxygen,Aerobic,30,1,44,1,3,Fong et al. Genome Res (2005),16204189
44,138,ec_gly_GB_44_b.CEL,MG1655(WT),WT,glycerol,NH4,Oxygen,Aerobic,30,1,44,1,3,Fong et al. Genome Res (2005),16204189
44,139,ec_gly_GB_44_c.CEL,MG1655(WT),WT,glycerol,NH4,Oxygen,Aerobic,30,1,44,1,3,Fong et al. Genome Res (2005),16204189
45,140,ec_gly_GC_20_a.CEL,MG1655(WT),WT,glycerol,NH4,Oxygen,Aerobic,30,1,20,0,3,Fong et al. Genome Res (2005),16204189
46,141,ec_gly_GC_44_a.CEL,MG1655(WT),WT,glycerol,NH4,Oxygen,Aerobic,30,1,44,1,3,Fong et al. Genome Res (2005),16204189
46,142,ec_gly_GC_44_b.CEL,MG1655(WT),WT,glycerol,NH4,Oxygen,Aerobic,30,1,44,1,3,Fong et al. Genome Res (2005),16204189
46,143,ec_gly_GC_44_c.CEL,MG1655(WT),WT,glycerol,NH4,Oxygen,Aerobic,30,1,44,1,3,Fong et al. Genome Res (2005),16204189
47,144,ec_gly_GD_20_a.CEL,MG1655(WT),WT,glycerol,NH4,Oxygen,Aerobic,30,1,20,0,3,Fong et al. Genome Res (2005),16204189
47,145,ec_gly_GD_20_b.CEL,MG1655(WT),WT,glycerol,NH4,Oxygen,Aerobic,30,1,20,0,3,Fong et al. Genome Res (2005),16204189
47,146,ec_gly_GD_20_c.CEL,MG1655(WT),WT,glycerol,NH4,Oxygen,Aerobic,30,1,20,0,3,Fong et al. Genome Res (2005),16204189
48,147,ec_gly_GD_44_a.CEL,MG1655(WT),WT,glycerol,NH4,Oxygen,Aerobic,30,1,44,1,3,Fong et al. Genome Res (2005),16204189
48,148,ec_gly_GD_44_b.CEL,MG1655(WT),WT,glycerol,NH4,Oxygen,Aerobic,30,1,44,1,3,Fong et al. Genome Res (2005),16204189
48,149,ec_gly_GD_44_c.CEL,MG1655(WT),WT,glycerol,NH4,Oxygen,Aerobic,30,1,44,1,3,Fong et al. Genome Res (2005),16204189
49,150,ec_gly_GE_20_a.CEL,MG1655(WT),WT,glycerol,NH4,Oxygen,Aerobic,30,1,20,0,3,Fong et al. Genome Res (2005),16204189
49,151,ec_gly_GE_20_b.CEL,MG1655(WT),WT,glycerol,NH4,Oxygen,Aerobic,30,1,20,0,3,Fong et al. Genome Res (2005),16204189
49,152,ec_gly_GE_20_c.CEL,MG1655(WT),WT,glycerol,NH4,Oxygen,Aerobic,30,1,20,0,3,Fong et al. Genome Res (2005),16204189
50,153,ec_gly_GE_44_a.CEL,MG1655(WT),WT,glycerol,NH4,Oxygen,Aerobic,30,1,44,1,3,Fong et al. Genome Res (2005),16204189
50,154,ec_gly_GE_44_b.CEL,MG1655(WT),WT,glycerol,NH4,Oxygen,Aerobic,30,1,44,1,3,Fong et al. Genome Res (2005),16204189
50,155,ec_gly_GE_44_c.CEL,MG1655(WT),WT,glycerol,NH4,Oxygen,Aerobic,30,1,44,1,3,Fong et al. Genome Res (2005),16204189
51,156,ec_gly_wild_a.CEL,MG1655(WT),WT,glycerol,NH4,Oxygen,Aerobic,30,0,1,0,3,Fong et al. Genome Res (2005),16204189
51,157,ec_gly_wild_b.CEL,MG1655(WT),WT,glycerol,NH4,Oxygen,Aerobic,30,0,1,0,3,"Fong et al. Genome Res (2005), used for Reed et al. PNAS (2006)","16204189, 17088549"
51,158,ec_gly_wild_c.CEL,MG1655(WT),WT,glycerol,NH4,Oxygen,Aerobic,30,0,1,0,3,"Fong et al. Genome Res (2005), used for Reed et al. PNAS (2006)","16204189, 17088549"
51,159,ec_gly_wild_d.CEL,MG1655(WT),WT,glycerol,NH4,Oxygen,Aerobic,30,0,1,0,3,"Fong et al. Genome Res (2005), used for Reed et al. PNAS (2006)","16204189, 17088549"
51,160,ec_gly_wild_e.CEL,MG1655(WT),WT,glycerol,NH4,Oxygen,Aerobic,30,0,1,0,3,"Fong et al. Genome Res (2005), used for Reed et al. PNAS (2006)","16204189, 17088549"
52,161,ec_glc_pgi_strain_A_a.CEL,?pgi,KO,glucose,NH4,Oxygen,Aerobic,37,1,50,1,3,Fong et al. J Biol Chem (2006),16319065
52,162,ec_glc_pgi_strain_A_b.CEL,?pgi,KO,glucose,NH4,Oxygen,Aerobic,37,1,50,1,3,Fong et al. J Biol Chem (2006),16319065
52,163,ec_glc_pgi_strain_A_c.CEL,?pgi,KO,glucose,NH4,Oxygen,Aerobic,37,1,50,1,3,Fong et al. J Biol Chem (2006),16319065
53,164,ec_glc_pgi_strain_B_a.CEL,?pgi,KO,glucose,NH4,Oxygen,Aerobic,37,1,50,1,3,Fong et al. J Biol Chem (2006),16319065
53,165,ec_glc_pgi_strain_B_b.CEL,?pgi,KO,glucose,NH4,Oxygen,Aerobic,37,1,50,1,3,Fong et al. J Biol Chem (2006),16319065
53,166,ec_glc_pgi_strain_B_c.CEL,?pgi,KO,glucose,NH4,Oxygen,Aerobic,37,1,50,1,3,Fong et al. J Biol Chem (2006),16319065
54,167,ec_glc_ppc_strain_A_a.CEL,?ppc,KO,glucose,NH4,Oxygen,Aerobic,37,1,45,1,3,Fong et al. J Biol Chem (2006),16319065
54,168,ec_glc_ppc_strain_A_b.CEL,?ppc,KO,glucose,NH4,Oxygen,Aerobic,37,1,45,1,3,Fong et al. J Biol Chem (2006),16319065
54,169,ec_glc_ppc_strain_A_c.CEL,?ppc,KO,glucose,NH4,Oxygen,Aerobic,37,1,45,1,3,Fong et al. J Biol Chem (2006),16319065
55,170,ec_glc_ppc_strain_B_c.CEL,?ppc,KO,glucose,NH4,Oxygen,Aerobic,37,1,45,1,3,Fong et al. J Biol Chem (2006),16319065
56,171,ec_adhEpta_strainb1_a.CEL,?pta/?adhe,KO,glucose,NH4,anaerobic,anaerobic,37,1,60,1,3,"Fong et al.  Biotechnol Bioeng. (2005),  Hua et al. Biotechnol Bioeng. 2006","15962337, 16807925"
56,172,ec_adhEpta_strainb1_b.CEL,?pta/?adhe,KO,glucose,NH4,anaerobic,anaerobic,37,1,60,1,3,"Fong et al.  Biotechnol Bioeng. (2005),  Hua et al. Biotechnol Bioeng. 2006","15962337, 16807925"
56,173,ec_adhEpta_strainb1_c.CEL,?pta/?adhe,KO,glucose,NH4,anaerobic,anaerobic,37,1,60,1,3,"Fong et al.  Biotechnol Bioeng. (2005),  Hua et al. Biotechnol Bioeng. 2006","15962337, 16807925"
57,174,ec_adhEpta_strainb2_a.CEL,?pta/?adhe,KO,glucose,NH4,anaerobic,anaerobic,37,1,60,1,3,"Fong et al.  Biotechnol Bioeng. (2005),  Hua et al. Biotechnol Bioeng. 2006","15962337, 16807925"
57,175,ec_adhEpta_strainb2_b.CEL,?pta/?adhe,KO,glucose,NH4,anaerobic,anaerobic,37,1,60,1,3,"Fong et al.  Biotechnol Bioeng. (2005),  Hua et al. Biotechnol Bioeng. 2006","15962337, 16807925"
57,176,ec_adhEpta_strainb2_c.CEL,?pta/?adhe,KO,glucose,NH4,anaerobic,anaerobic,37,1,60,1,3,"Fong et al.  Biotechnol Bioeng. (2005),  Hua et al. Biotechnol Bioeng. 2006","15962337, 16807925"
58,177,ec_adhEpta_strainb3_a.CEL,?pta/?adhe,KO,glucose,NH4,anaerobic,anaerobic,37,1,60,1,3,"Fong et al.  Biotechnol Bioeng. (2005),  Hua et al. Biotechnol Bioeng. 2006","15962337, 16807925"
58,178,ec_adhEpta_strainb3_b.CEL,?pta/?adhe,KO,glucose,NH4,anaerobic,anaerobic,37,1,60,1,3,"Fong et al.  Biotechnol Bioeng. (2005),  Hua et al. Biotechnol Bioeng. 2006","15962337, 16807925"
58,179,ec_adhEpta_strainb3_c.CEL,?pta/?adhe,KO,glucose,NH4,anaerobic,anaerobic,37,1,60,1,3,"Fong et al.  Biotechnol Bioeng. (2005),  Hua et al. Biotechnol Bioeng. 2006","15962337, 16807925"
59,180,ec_adhEpta_strainb4_a.CEL,?pta/?adhe,KO,glucose,NH4,anaerobic,anaerobic,37,1,60,1,3,"Fong et al.  Biotechnol Bioeng. (2005),  Hua et al. Biotechnol Bioeng. 2006","15962337, 16807925"
59,181,ec_adhEpta_strainb4_b.CEL,?pta/?adhe,KO,glucose,NH4,anaerobic,anaerobic,37,1,60,1,3,"Fong et al.  Biotechnol Bioeng. (2005),  Hua et al. Biotechnol Bioeng. 2006","15962337, 16807925"
59,182,ec_adhEpta_strainb4_c.CEL,?pta/?adhe,KO,glucose,NH4,anaerobic,anaerobic,37,1,60,1,3,"Fong et al.  Biotechnol Bioeng. (2005),  Hua et al. Biotechnol Bioeng. 2006","15962337, 16807925"
60,183,ec_adhEpta_strainb5_a.CEL,?pta/?adhe,KO,glucose,NH4,anaerobic,anaerobic,37,1,60,1,3,"Fong et al.  Biotechnol Bioeng. (2005),  Hua et al. Biotechnol Bioeng. 2006","15962337, 16807925"
60,184,ec_adhEpta_strainb5_b.CEL,?pta/?adhe,KO,glucose,NH4,anaerobic,anaerobic,37,1,60,1,3,"Fong et al.  Biotechnol Bioeng. (2005),  Hua et al. Biotechnol Bioeng. 2006","15962337, 16807925"
60,185,ec_adhEpta_strainb5_c.CEL,?pta/?adhe,KO,glucose,NH4,anaerobic,anaerobic,37,1,60,1,3,"Fong et al.  Biotechnol Bioeng. (2005),  Hua et al. Biotechnol Bioeng. 2006","15962337, 16807925"
61,186,ec_pfkApta_strain1_b.CEL,?pta/?pfkA,KO,glucose,NH4,anaerobic,anaerobic,37,1,60,1,3,"Herrgard et al. PLoS Comput Biol. (2006), Fong et al.  Biotechnol Bioeng. (2005), Hua et al. Biotechnol Bioeng. (2006)","15962337, 16839195, 16807925"
61,187,ec_pfkApta_strain1_c.CEL,?pta/?pfkA,KO,glucose,NH4,anaerobic,anaerobic,37,1,60,1,3,"Herrgard et al. PLoS Comput Biol. (2006), Fong et al.  Biotechnol Bioeng. (2005), Hua et al. Biotechnol Bioeng. (2006)","15962337, 16839195, 16807925"
62,188,ec_pfkApta_strain2_a.CEL,?pta/?pfkA,KO,glucose,NH4,anaerobic,anaerobic,37,1,60,1,3,"Herrgard et al. PLoS Comput Biol. (2006), Fong et al.  Biotechnol Bioeng. (2005), Hua et al. Biotechnol Bioeng. (2006)","15962337, 16839195, 16807925"
62,189,ec_pfkApta_strain2_b.CEL,?pta/?pfkA,KO,glucose,NH4,anaerobic,anaerobic,37,1,60,1,3,"Herrgard et al. PLoS Comput Biol. (2006), Fong et al.  Biotechnol Bioeng. (2005), Hua et al. Biotechnol Bioeng. (2006)","15962337, 16839195, 16807925"
62,190,ec_pfkApta_strain2_c.CEL,?pta/?pfkA,KO,glucose,NH4,anaerobic,anaerobic,37,1,60,1,3,"Herrgard et al. PLoS Comput Biol. (2006), Fong et al.  Biotechnol Bioeng. (2005), Hua et al. Biotechnol Bioeng. (2006)","15962337, 16839195, 16807925"
63,191,ec_pfkApta_strain3_a.CEL,?pta/?pfkA,KO,glucose,NH4,anaerobic,anaerobic,37,1,60,1,3,"Herrgard et al. PLoS Comput Biol. (2006), Fong et al.  Biotechnol Bioeng. (2005), Hua et al. Biotechnol Bioeng. (2006)","15962337, 16839195, 16807925"
63,192,ec_pfkApta_strain3_b.CEL,?pta/?pfkA,KO,glucose,NH4,anaerobic,anaerobic,37,1,60,1,3,"Herrgard et al. PLoS Comput Biol. (2006), Fong et al.  Biotechnol Bioeng. (2005), Hua et al. Biotechnol Bioeng. (2006)","15962337, 16839195, 16807925"
63,193,ec_pfkApta_strain3_c.CEL,?pta/?pfkA,KO,glucose,NH4,anaerobic,anaerobic,37,1,60,1,3,"Herrgard et al. PLoS Comput Biol. (2006), Fong et al.  Biotechnol Bioeng. (2005), Hua et al. Biotechnol Bioeng. (2006)","15962337, 16839195, 16807925"
45,194,ec_gly_GC_20_b.CEL,MG1655(WT),WT,glycerol,NH4,Oxygen,Aerobic,30,1,20,0,3,Fong et al. Genome Res (2005),16204189
45,195,ec_gly_GC_20_c.CEL,MG1655(WT),WT,glycerol,NH4,Oxygen,Aerobic,30,1,20,0,3,Fong et al. Genome Res (2005),16204189
64,196,ec_adhEptapfkAglk_strain1_a.CEL,?pta/?adhe/?pfkA/?glk,KO,glucose,NH4,anaerobic,anaerobic,37,1,60,1,3,"Fong et al.  Biotechnol Bioeng. (2005),  Hua et al. Biotechnol Bioeng. 2006","15962337, 16807925"
64,197,ec_adhEptapfkAglk_strain1_b.CEL,?pta/?adhe/?pfkA/?glk,KO,glucose,NH4,anaerobic,anaerobic,37,1,60,1,3,"Fong et al.  Biotechnol Bioeng. (2005),  Hua et al. Biotechnol Bioeng. 2006","15962337, 16807925"
65,198,ec_adhEptapfkAglk_strain2_c.CEL,?pta/?adhe/?pfkA/?glk,KO,glucose,NH4,anaerobic,anaerobic,37,1,60,1,3,"Fong et al.  Biotechnol Bioeng. (2005),  Hua et al. Biotechnol Bioeng. 2006","15962337, 16807925"
66,199,ec_adhEptapfkAglk_strain3_b.CEL,?pta/?adhe/?pfkA/?glk,KO,glucose,NH4,anaerobic,anaerobic,37,1,60,1,3,"Fong et al.  Biotechnol Bioeng. (2005),  Hua et al. Biotechnol Bioeng. 2006","15962337, 16807925"
66,200,ec_adhEptapfkAglk_strain3_c.CEL,?pta/?adhe/?pfkA/?glk,KO,glucose,NH4,anaerobic,anaerobic,37,1,60,1,3,"Fong et al.  Biotechnol Bioeng. (2005),  Hua et al. Biotechnol Bioeng. 2006","15962337, 16807925"
67,201,ec_glc_tpi_strain_A_a.CEL,?tpi,KO,glucose,NH4,Oxygen,Aerobic,37,1,50,1,3,Fong et al. J Biol Chem (2006),16319065
67,202,ec_glc_tpi_strain_A_b.CEL,?tpi,KO,glucose,NH4,Oxygen,Aerobic,37,1,50,1,3,Fong et al. J Biol Chem (2006),16319065
67,203,ec_glc_tpi_strain_A_c.CEL,?tpi,KO,glucose,NH4,Oxygen,Aerobic,37,1,50,1,3,Fong et al. J Biol Chem (2006),16319065
67,204,ec_glc_tpi_strain_A_d.CEL,?tpi,KO,glucose,NH4,Oxygen,Aerobic,37,1,50,1,3,Fong et al. J Biol Chem (2006),16319065
68,205,ec_glc_tpi_strain_B_a.CEL,?tpi,KO,glucose,NH4,Oxygen,Aerobic,37,1,50,1,3,Fong et al. J Biol Chem (2006),16319065
68,206,ec_glc_tpi_strain_B_b.CEL,?tpi,KO,glucose,NH4,Oxygen,Aerobic,37,1,50,1,3,Fong et al. J Biol Chem (2006),16319065
68,207,ec_glc_tpi_strain_B_c.CEL,?tpi,KO,glucose,NH4,Oxygen,Aerobic,37,1,50,1,3,Fong et al. J Biol Chem (2006),16319065
69,208,ec_glc_wild_a_SciC.CEL,MG1655(WT),WT,glucose,NH4,Oxygen,Aerobic,30,0,1,0,3,Fong et al. Genome Res (2005),16204189
69,209,ec_glc_wild_b_SciC.CEL,MG1655(WT),WT,glucose,NH4,Oxygen,Aerobic,30,0,1,0,3,Fong et al. Genome Res (2005),16204189
69,210,ec_glc_wild_d_SciC.CEL,MG1655(WT),WT,glucose,NH4,Oxygen,Aerobic,30,0,1,0,3,Fong et al. Genome Res (2005),16204189
71,211,ec_thymd_a.CEL,MG1655(WT),WT,thymidine,NH4,Oxygen,Aerobic,37,0,1,0,4,,
71,212,ec_thymd_b.CEL,MG1655(WT),WT,thymidine,NH4,Oxygen,Aerobic,37,0,1,0,4,,
71,213,ec_thymd_c.CEL,MG1655(WT),WT,thymidine,NH4,Oxygen,Aerobic,37,0,1,0,4,,
,,,,,,,,,,,,,,,
,,,,,,,,,,,,,,,
